accounting@thegrandtheatre.com | Tony McGrath | The Grand Theatre | thegrandtheatre.com | tony.mcgrath | tony.mcgrath@thegrandtheatre.com | 100 Grand Drive, Hattiesburg, MS, 39401
accounting@canidium.com | Michael Stus | Canidium | canidium.com | michael.stus | michael.stus@canidium.com | 123 N. College Ave., Suite 120, Fort Collins, CO 80524
accounting@sockittome.com | Iwa Hooe | Sock It to Me | sockittome.com | iwa.hooe | iwa.hooe@sockittome.com
accounting@voyagerpacific.com | Stephen Seal | Voyager Pacific Capital | voyagerpacific.com | stephen.seal | stephen.seal@voyagerpacific.com | 66 West Flagler Street Suite 900 #3420, Miami, FL 33130
accounting@hdfowler.com | Jed Fowler | The H.D. Fowler Company | hdfowler.com | jed.fowler | jed.fowler@hdfowler.com | Corporate Headquarters 3633 136th Pl SE, Ste 100, Bellevue, WA 98006
accounting@pcf.com | Felix Morgan | PCF Insurance Services | pcf.com | felix.morgan | felix.morgan@pcf.com
accounting@sanmarcanada.com | Jeremy Lott | SanMar Canada | sanmarcanada.com | jeremy.lott | jeremy.lott@sanmarcanada.com | 850 W Kent Avenue South Vancouver, British Columbia V6P 3G1.
accounting@spoken.com | Dane Hurtubise | Spoken | spoken.com | dane.hurtubise | dane.hurtubise@spoken.com
accounting@wayup.com | Liz Wessel | WayUp Inc | wayup.com | liz.wessel | liz.wessel@wayup.com | 158 West 27th Street, New York, NY 10001
accounting@advancere.com | Shane O'Kelly | Advance Auto Parts | advancere.com | shane.o'kelly | shane.o'kelly@advancere.com
accounting@greatgulf.com | Ilias Konstantopoulos | Great Gulf Group | greatgulf.com | ilias.konstantopoulos | ilias.konstantopoulos@greatgulf.com | 351 King Street E. 13th Floor, Toronto, ON M5A 0L6
accounting@glasswerks.com | Randy Steinberg | Glasswerks | glasswerks.com | randy.steinberg | randy.steinberg@glasswerks.com | 8600 Rheem Ave, South Gate, CA 90280
accounting@nsiserv.com | Tom McDonald | NSI (New England Systems, Inc.) | nsiserv.com | tom.mcdonald | tom.mcdonald@nsiserv.com | 123 Main St, Naugatuck, CT 06770
accounting@garciaproperties.com | Peter Garcia | Garcia Properties, Inc. | garciaproperties.com | peter.garcia | peter.garcia@garciaproperties.com | 3537 S Kingshighway Blvd, Saint Louis, MO 63139
accounting@avira.com | Sanjeev Welling | Avira Digital | avira.com | sanjeev.welling | sanjeev.welling@avira.com | Avira Operations GmbH, Kaplaneiweg 1, 88069 Tettnang, Germany
accounting@avpresentations.com | Rod Callahan | AV Presentations | avpresentations.com | rod.callahan | rod.callahan@avpresentations.com
accounting@almaproducts.com | Matthew Stevenson | Alma Products Company | almaproducts.com | matthew.stevenson | matthew.stevenson@almaproducts.com
accounting@cascade-partners.com | Rajesh Kothari | Cascade Partners | cascade-partners.com | rajesh.kothari | rajesh.kothari@cascade-partners.com
accounting@griswoldcontrols.com | Kevin Hartnett | Griswold Controls, LLC | griswoldcontrols.com | kevin.hartnett | kevin.hartnett@griswoldcontrols.com | 1700 Barranca Parkway, Irvine, CA 92606
accounting@orbitinvestments.com | Michelle Bosch | Orbit Investments, LLC | orbitinvestments.com | michelle.bosch | michelle.bosch@orbitinvestments.com | 20860 N Tatum Blvd #300, Phoenix, AZ 85050
accounting@sakumabros.com | Danny Weeden | Sakuma Brother Farms | sakumabros.com | danny.weeden | danny.weeden@sakumabros.com | 17400 Cook Road, Burlington, WA 98233
accounting@rodenhiser.com | Andy Rodenhiser | Rodenhiser Home Services, Inc. | rodenhiser.com | andy.rodenhiser | andy.rodenhiser@rodenhiser.com | 325 Hopping Brook Rd, Holliston, MA 01746
accounting@dx-learning.com | Alex Draper | DX Learning | dx-learning.com | alex.draper | alex.draper@dx-learning.com
accounting@avalancheind.com | William Spraul | Avalanche Industries | avalancheind.com | william.spraul | william.spraul@avalancheind.com | 144 Dixon Street, Selbyville, DE 19975
accounting@westpak.com | Anthony Miller | Westpac Group | westpak.com | anthony.miller | anthony.miller@westpak.com | 33439 Western Ave. Union City, CA 94587
accounting@sbtech.com | Richard Carter | SBTech | sbtech.com | richard.carter | richard.carter@sbtech.com
accounting@garco.com | Clancy Welsh | Garco Construction Inc. | garco.com | clancy.welsh | clancy.welsh@garco.com | 4114 E BROADWAY AVE, SPOKANE, WA 99202
accounting@euclidtechlabs.com | Alexei Kanareykin | Euclid Techlabs LLC | euclidtechlabs.com | alexei.kanareykin | alexei.kanareykin@euclidtechlabs.com | 10000 Virginia Manor Rd, Suite 330 Beltsville, MD 20705, USA
accounting@pulsehw.com | Jessica Coffield | Pulse Health & Wellness | pulsehw.com | jessica.coffield | jessica.coffield@pulsehw.com
accounting@lumisource.com | Steve Lee | LumiSource | lumisource.com | steve.lee | steve.lee@lumisource.com
accounting@qloo.com | Alex Elias | Qloo | qloo.com | alex.elias | alex.elias@qloo.com | 100 Crosby Street, New York, NY 10012
accounting@flanaganstatebank.com | Janet Carpenter | Flanagan State Bank | flanaganstatebank.com | janet.carpenter | janet.carpenter@flanaganstatebank.com | 301 W Falcon Highway, Flanagan, IL 61740
accounting@tradewindspower.com | Thomas J Tracy III | Tradewinds Power Corp | tradewindspower.com | thomas.tracy | thomas.tracy@tradewindspower.com | 5820 NW 84th Ave, Miami, FL 33166
accounting@muranosoft.com | Dimitri Nikouline | Murano Global | muranosoft.com | dimitri.nikouline | dimitri.nikouline@muranosoft.com
accounting@lifechemicals.com | Kyrylo Brik | Life Chemicals | lifechemicals.com | kyrylo.brik | kyrylo.brik@lifechemicals.com | Inc. Head Office, 1a DIXIE AVE PO BOX 229, NIAGARA ON
accounting@fortlp.com | Yves M Balcer | FORT L.P. | fortlp.com | yves.balcer | yves.balcer@fortlp.com | 2 Wisconsin Circle, Suite 1150, Chevy Chase, MD 20815
accounting@prudentialidahohomes.com | Kent Collins | Prudential Idaho Homes & Properties | prudentialidahohomes.com | kent.collins | kent.collins@prudentialidahohomes.com
accounting@idssite.com | Yaniv Dagan | Integrated Document Solutions, Inc. | idssite.com | yaniv.dagan | yaniv.dagan@idssite.com
accounting@nc-cherokee.com | Casey Cooper | Cherokee Indian Hospital | nc-cherokee.com | casey.cooper | casey.cooper@nc-cherokee.com
accounting@volacci.com | Ben Finklea | Volacci | volacci.com | ben.finklea | ben.finklea@volacci.com
accounting@pfs401k.com | H. Earle Garvin | Pension Financial Services, Inc. | pfs401k.com | earle.garvin | earle.garvin@pfs401k.com | 3700 Crestwood Parkway, Suite 550, Duluth, GA 30096
accounting@kaaswilson.com | Petro Megits | Kaas Wilson Architects | kaaswilson.com | petro.megits | petro.megits@kaaswilson.com | 1301 American Boulevard E Suite 100, Bloomington, MN 55425
accounting@belmont-trading.com | Igor Boguslavsky | Belmont Trading Company | belmont-trading.com | igor.boguslavsky | igor.boguslavsky@belmont-trading.com | 555 Huehl Road, Northbrook, IL 60062, USA
accounting@deecramer.com | Matthew Cramer | Dee Cramer, Inc. | deecramer.com | matthew.cramer | matthew.cramer@deecramer.com | 4221 East Baldwin Rd. Holly, MI 48442
accounting@edwardslabel.com | Joel Avila | Edwards Label | edwardslabel.com | joel.avila | joel.avila@edwardslabel.com | 2277 Knoll Drive, Ventura, CA 93003
accounting@eligoenergy.com | Michael Osowski | Eligo Energy LLC | eligoenergy.com | michael.osowski | michael.osowski@eligoenergy.com | 201 W. Lake St., Ste. 151, Chicago, IL 60606
accounting@zabbix.com | Alexei Vladishev | Zabbix SIA | zabbix.com | alexei.vladishev | alexei.vladishev@zabbix.com | Dzelzavas 117, Riga, LV-1021, Latvia
accounting@sealandchem.com | Jennifer Altstadt | Sea-Land Chemical Company | sealandchem.com | jennifer.altstadt | jennifer.altstadt@sealandchem.com | 18013 Cleveland Parkway, Suite 100, Cleveland, Ohio
accounting@jetruby.com | Ivan Linko | JetRuby Agency | jetruby.com | ivan.linko | ivan.linko@jetruby.com | 535 Mission St, San Francisco, CA 94105, USA
accounting@fremuragroup.com | Alessandra Fremura | Fremura Group | fremuragroup.com | alessandra.fremura | alessandra.fremura@fremuragroup.com
accounting@icc-usa.com | Ilya Stolyar | International Computer Concepts | icc-usa.com | ilya.stolyar | ilya.stolyar@icc-usa.com | 311 W Monroe Street, Chicago, IL 60606
accounting@midwestmaint.com | Angie Giguere | MidWest Maintenance & Shipping Supply | midwestmaint.com | angie.giguere | angie.giguere@midwestmaint.com
accounting@softensity.com | Danny J. Fuleihan | Softensity Inc | softensity.com | danny.fuleihan | danny.fuleihan@softensity.com | 2265 Roswell Road, Marietta, GA 30062
accounting@skillshare.com | Matt Cooper | Skillshare | skillshare.com | matt.cooper | matt.cooper@skillshare.com
accounting@rossrec.com | Nick Philbin | Ross Recreation Equipment | rossrec.com | nick.philbin | nick.philbin@rossrec.com | 100 Brush Creek Road Suite #206, Santa Rosa, CA 95404
accounting@webscribble.com | Alexey Gutin | Web Scribble Solutions, Inc | webscribble.com | alexey.gutin | alexey.gutin@webscribble.com | 7050 W Palmetto Park Rd #15-170, Boca Raton, FL 33433
accounting@legend-financial.com | James J. Holtzman | Legend Financial Advisors, Inc. | legend-financial.com | james.holtzman | james.holtzman@legend-financial.com | 5700 Corporate Drive Suite 350, Pittsburgh, PA 15237
accounting@asigymnastics.com | David Holley | ASI Gymnastics | asigymnastics.com | david.holley | david.holley@asigymnastics.com | 11910 Greenville Ave, Suite #502 Dallas, TX 75087
accounting@jtmfoodgroup.com | Tony Maas | J.T.M. Food Group | jtmfoodgroup.com | tony.maas | tony.maas@jtmfoodgroup.com
accounting@bremik.com | Brent Parry | Bremik Construction, Inc. | bremik.com | brent.parry | brent.parry@bremik.com | 610 Esther St, Ste #102, Vancouver, WA 98660
accounting@hypermicro.com | Yuri Bulgakov | Hyper Microsystems | hypermicro.com | yuri.bulgakov | yuri.bulgakov@hypermicro.com | 900 Carnegie St, Rolling Meadows, IL 60008
accounting@brombergtranslations.com | Jinny Bromberg | Bromberg & Associates, LLC | brombergtranslations.com | jinny.bromberg | jinny.bromberg@brombergtranslations.com | 32910 W. Thirteen Mile Road, Suite E-504 Farmington Hills, MI 48334
accounting@harjoconstruction.com | Kurt Harjo | Harjo Construction Services | harjoconstruction.com | kurt.harjo | kurt.harjo@harjoconstruction.com | 4900 15th Ave NW, Seattle, WA 98107
accounting@hearthstonehomes.com | Mark Porath | Hearthstone | hearthstonehomes.com | mark.porath | mark.porath@hearthstonehomes.com | Southeast Industrial Construction (SEI) Headquarters, Morristown, TN 37813
accounting@exigo.com | Gary Fitzgerald | Exigo | exigo.com | gary.fitzgerald | gary.fitzgerald@exigo.com | 1600 Viceroy Drive, Suite 125, Dallas, TX 75235
accounting@campuslogic.com | Gregg Scoresby | CampusLogic | campuslogic.com | gregg.scoresby | gregg.scoresby@campuslogic.com
accounting@joynerfineproperties.com | William A. "Bill" White | Joyner Fine Properties | joynerfineproperties.com | william.white | william.white@joynerfineproperties.com | 6641 West Broad Street Suite 101, Richmond, VA 23230
accounting@eslvision.com | Michael Gerard Gleeson | ESL Vision | eslvision.com | michael.gleeson | michael.gleeson@eslvision.com | 1957 S 4800 W, SALT LAKE CITY, UT 84104
accounting@adcock-insurance.com | Don Adcock | Adcock Financial Group | adcock-insurance.com | don.adcock | don.adcock@adcock-insurance.com
accounting@dbates.com | Jeremy Andersen | Durham & Bates | dbates.com | jeremy.andersen | jeremy.andersen@dbates.com | 1211 SW 5th Avenue Ste. 2800, Portland, Oregon 97204, U.S.
accounting@theroadlesstraveled.com | Donna Stein | The Road Less Traveled Inc. | theroadlesstraveled.com | donna.stein | donna.stein@theroadlesstraveled.com | Chicago, IL 60647, United States.
accounting@preferredmutual.com | R. Benedikt Sander | Preferred Mutual Insurance Company | preferredmutual.com | benedikt.sander | benedikt.sander@preferredmutual.com | One Preferred Way, New Berlin, NY 13411
accounting@hillhurstmortgage.com | Douglas M. Smaldino | HILLHURST MORTGAGE, INC | hillhurstmortgage.com | douglas.smaldino | douglas.smaldino@hillhurstmortgage.com | 1662 Hillhurst Ave, Suite A, Los Angeles, CA 90027
accounting@malnove.com | Dale Houck | Malnove Inc | malnove.com | dale.houck | dale.houck@malnove.com | 10500 Canada Drive, Jacksonville, FL 32218
accounting@prosites.com | Dave Rutan | ProSites | prosites.com | dave.rutan | dave.rutan@prosites.com | 38977 Sky Canyon Drive, 2nd Floor, Murrieta, CA 92563
accounting@ropsalons.com | Robert DiLella | Robert of Philadelphia Salons | ropsalons.com | robert.dilella | robert.dilella@ropsalons.com
accounting@optimalhomecare.com | Edwyn Vergeire | Optimal Home Care Inc. | optimalhomecare.com | edwyn.vergeire | edwyn.vergeire@optimalhomecare.com | 4380 S. Syracuse St., Suite 600, Denver, CO 80237
accounting@catertrax.com | Clint Tyler | CaterTrax Inc. | catertrax.com | clint.tyler | clint.tyler@catertrax.com | 274 North Goodman Street Suite 500, Rochester, NY 14607
accounting@aerofarms.com | Molly Montgomery | AeroFarms | aerofarms.com | molly.montgomery | molly.montgomery@aerofarms.com
accounting@prudentialelliman.com | Susan DeFranca | Douglas Elliman Real Estate | prudentialelliman.com | susan.defranca | susan.defranca@prudentialelliman.com
accounting@circleback.com | Ali Haghani | Circleback | circleback.com | ali.haghani | ali.haghani@circleback.com | 7901 Crownpointe Ridge Ct, McLean, VA 22102
accounting@sonnax.com | Tommy Harmon | Sonnax Transmission Co. | sonnax.com | tommy.harmon | tommy.harmon@sonnax.com | Sonnax Transmission Company, 2 Imtec Lane, Bellows Falls, VT 05101-0440, USA
accounting@catapulthealth.com | David Michel | Catapult Health | catapulthealth.com | david.michel | david.michel@catapulthealth.com | 5294 Belt Line Road, Suite 200, Dallas, TX 75254
accounting@clinicalink.com | Jonathan Goldman | Clinical Ink | clinicalink.com | jonathan.goldman | jonathan.goldman@clinicalink.com | 119 Brookstown Ave, Ste 101, Winston-Salem, NC 27101
accounting@swaymedical.com | Alex Pettigrew | Sway Medical | swaymedical.com | alex.pettigrew | alex.pettigrew@swaymedical.com
accounting@elijaht.com | Andrew Reisman | ELIJAH | elijaht.com | andrew.reisman | andrew.reisman@elijaht.com | 420 North 20th Street Suite 2200, Birmingham, AL 35203
accounting@urban-villages.com | Grant McCargo | Urban Villages | urban-villages.com | grant.mccargo | grant.mccargo@urban-villages.com
accounting@sapperconsulting.com | Jeff Winters | Sapper Consulting | sapperconsulting.com | jeff.winters | jeff.winters@sapperconsulting.com
accounting@livinghr.com | Keri Higgins-Bigelow | LivingHR, Inc. | livinghr.com | keri.higgins-bigelow | keri.higgins-bigelow@livinghr.com
accounting@detroitbandsaw.com | Joe Goudeseune | Detroit Band Saw Works, Inc | detroitbandsaw.com | joe.goudeseune | joe.goudeseune@detroitbandsaw.com | 20929 Bridge St. Southfield, MI 48033
accounting@digeratisearch.com | Trish Corlew | Digerati Search, Inc. | digeratisearch.com | trish.corlew | trish.corlew@digeratisearch.com | PO Box 362, LaGrange, TN 38046-0362
accounting@tfcla.com | Alex Hovian | Technology Frontier Consulting | tfcla.com | alex.hovian | alex.hovian@tfcla.com
accounting@bigblockla.com | Seven Volpone | Big Block Media | bigblockla.com | seven.volpone | seven.volpone@bigblockla.com
accounting@tsongas.com | Chris Dominic | Tsongas Litigation Consulting, Inc. | tsongas.com | chris.dominic | chris.dominic@tsongas.com
accounting@lux9.com | Kate Driscoll | Lux 9 Inc. | lux9.com | kate.driscoll | kate.driscoll@lux9.com
accounting@criticalpower.com | Will Alt | Critical Power Products & Services LLC | criticalpower.com | will.alt | will.alt@criticalpower.com | 4140 W. Grange Ave, Post Falls, ID 83854, USA
accounting@fricknet.com | William Frick | William Frick & Company | fricknet.com | william.frick | william.frick@fricknet.com | 147 Keystone Drive, Montgomeryville, PA 18936
accounting@pbk.com | James Uhl | PBK | pbk.com | james.uhl | james.uhl@pbk.com | 11 E Greenway Plz, Floor 22, Houston, TX 77046
accounting@themixxnyc.com | Robyn Streisand | The Mixx | themixxnyc.com | robyn.streisand | robyn.streisand@themixxnyc.com
accounting@grenergyservices.com | Wayne Richards | GR Energy Services | grenergyservices.com | wayne.richards | wayne.richards@grenergyservices.com
accounting@keystone-corp.com | John Smith | Keystone Corporation | keystone-corp.com | john.smith | john.smith@keystone-corp.com
accounting@pickenschamber.com | Amberle Johnson Godfrey | Pickens County Chamber of Commerce | pickenschamber.com | amberle.godfrey | amberle.godfrey@pickenschamber.com | 500 Veterans Memorial Blvd., Jasper, GA 30143
accounting@usolutionspr.com | Yoel Rivera | Ultimate Solutions Corp. | usolutionspr.com | yoel.rivera | yoel.rivera@usolutionspr.com
accounting@sherrymfg.com | Scott Coltune | Sherry Manufacturing Co. Inc. | sherrymfg.com | scott.coltune | scott.coltune@sherrymfg.com
accounting@focustraining.com | Todd Gehrmann | FOCUS Training | focustraining.com | todd.gehrmann | todd.gehrmann@focustraining.com | 531 S. Water Street, Milwaukee, WI 53204, USA
accounting@encorebusiness.com | Ken Chartrand | Encore Business Solutions | encorebusiness.com | ken.chartrand | ken.chartrand@encorebusiness.com | 3-95 Cole Avenue, Winnipeg, MB, Canada R2L 1J3
accounting@summit-rock.com | David Dechman | Summit Rock Advisors | summit-rock.com | david.dechman | david.dechman@summit-rock.com | 9 West 57th Street, 18th Floor, New York, NY 10019
accounting@isystem.com | Erol Simsek | iSYSTEM | isystem.com | erol.simsek | erol.simsek@isystem.com | Headquartered in Schwabhausen, Germany, ...
accounting@citizensinc.com | Jon Stenberg | Citizens, Inc. | citizensinc.com | jon.stenberg | jon.stenberg@citizensinc.com | 11815 Alterra Pkwy, Suite 1500, Austin, TX 78758
accounting@scholarships.com | Larry Gerber | Scholarships.com | scholarships.com | larry.gerber | larry.gerber@scholarships.com
accounting@contiki.com | Adam Armstrong | Contiki Holidays | contiki.com | adam.armstrong | adam.armstrong@contiki.com
accounting@yti.com | Alan McCorkle | Yusen Terminals LLC | yti.com | alan.mccorkle | alan.mccorkle@yti.com | 701 New Dock St. Terminal Island, CA 90731
accounting@uocusa.com | Lin De-Qiong | United Orthopedic | uocusa.com | lin.de-qiong | lin.de-qiong@uocusa.com
accounting@kisingercampo.com | Paul Foley | Kisinger Campo & Associates | kisingercampo.com | paul.foley | paul.foley@kisingercampo.com | 201 North Franklin Street Suite 900, Tampa, FL 33602-5132
accounting@vikingmasek.com | Robb Leonhard | Viking Masek | vikingmasek.com | robb.leonhard | robb.leonhard@vikingmasek.com | W6385 Quality Drive, Oostburg, WI 53070
accounting@bfsaulco.com | Bernard Saul II | B. F. Saul Company | bfsaulco.com | bernard.saul | bernard.saul@bfsaulco.com
accounting@pkmreng.com | Will Kent | PKMR Engineers | pkmreng.com | will.kent | will.kent@pkmreng.com | 13300 West 98th Street, Lenexa, KS 66215
accounting@sabres.com | Sean Menke | Sabre Corporation | sabres.com | sean.menke | sean.menke@sabres.com
accounting@blavityinc.com | Morgan DeBaun | Blavity Inc. | blavityinc.com | morgan.debaun | morgan.debaun@blavityinc.com | 145 S. Fairfax Avenue, Suite 200, Los Angeles, CA 90036
accounting@huhot.com | Andy Vap | HuHot Mongolian Grills, LLC | huhot.com | andy.vap | andy.vap@huhot.com | 223 East Main Street, Missoula, MT 59802
accounting@aboutsib.com | Shannon Copeland | SIB Fixed Cost Reduction | aboutsib.com | shannon.copeland | shannon.copeland@aboutsib.com | 796 Meeting Street, Charleston, SC 29403
accounting@maxxproperties.com | William D. Markey | MAXX Properties | maxxproperties.com | william.markey | william.markey@maxxproperties.com | 2 Manhattanville Rd, Purchase, NY 10577
accounting@adduco.com | Simona Georgescu | Adduco Communications, Inc. | adduco.com | simona.georgescu | simona.georgescu@adduco.com
accounting@airesscentials.com | Spence Levy | Air Esscentials | airesscentials.com | spence.levy | spence.levy@airesscentials.com
accounting@apmoving.com | Darin Aman | A & P Moving, Inc. | apmoving.com | darin.aman | darin.aman@apmoving.com | 111 Hamilton Drive, Novato, CA 94949
accounting@morleynet.com | Paul Furlo | Morley Companies, Inc. | morleynet.com | paul.furlo | paul.furlo@morleynet.com | One Morley Plaza, Saginaw, MI 48603
accounting@askwonder.com | Justin Wohlstadter | Wonder | askwonder.com | justin.wohlstadter | justin.wohlstadter@askwonder.com
accounting@hydesleather.com | Aaron Laithwaite | Hydes Leather | hydesleather.com | aaron.laithwaite | aaron.laithwaite@hydesleather.com
accounting@acentria.com | Kevin Mason | Acentria Insurance | acentria.com | kevin.mason | kevin.mason@acentria.com | 4634 Gulfstarr Drive, Destin, FL 32541
accounting@fpcsav.com | Mort Shor | FPC of Savannah | fpcsav.com | mort.shor | mort.shor@fpcsav.com
accounting@bluemarbleicecream.com | Jennie Dundas | Blue Marble Ice Cream | bluemarbleicecream.com | jennie.dundas | jennie.dundas@bluemarbleicecream.com | 420 Atlantic Ave, Brooklyn, NY 11217
accounting@newenglandtesting.com | Caroline Manera | New England Testing Laboratory | newenglandtesting.com | caroline.manera | caroline.manera@newenglandtesting.com | 59 Greenhill Street, West Warwick, RI 02893
accounting@championbuilt.com | Garin Buckles | Champion Tool Storage | championbuilt.com | garin.buckles | garin.buckles@championbuilt.com | 3070 Lower Mill Dr. Hood River, OR 97031
accounting@clarev.com | Clare Vivier | Clare V. | clarev.com | clare.vivier | clare.vivier@clarev.com | 619 North Croft Avenue, West Hollywood, CA 90048, USA
accounting@bcgraphics.com | Todd Grasle | BC Graphics, Inc. | bcgraphics.com | todd.grasle | todd.grasle@bcgraphics.com
accounting@artpartner.com | Giovanni Testino | Art Partner | artpartner.com | giovanni.testino | giovanni.testino@artpartner.com | 545 West 25th Street 12th Floor, NY 10001, USA
accounting@cutlerdc.com | Jeff Cutler | Cutler | cutlerdc.com | jeff.cutler | jeff.cutler@cutlerdc.com | 375 Water Street, Vancouver, BC, Canada
accounting@censhare.com | Tobias Ackermann | censhare AG | censhare.com | tobias.ackermann | tobias.ackermann@censhare.com
accounting@acropolis-capital.com | Cameron Chartouni | Acropolis Capital Partners Ltd | acropolis-capital.com | cameron.chartouni | cameron.chartouni@acropolis-capital.com
accounting@bluelinelogistics.com | Geoffrey Kaniu | Blue Line Logistics | bluelinelogistics.com | geoffrey.kaniu | geoffrey.kaniu@bluelinelogistics.com | 3495 Willow Lake Blvd Ste 100, Vadnais Heights, MN 55110
accounting@fashionsnoops.com | Itay Arad | Fashion Snoops | fashionsnoops.com | itay.arad | itay.arad@fashionsnoops.com | 325 Hudson Street, 4th Floor, New York, NY 10013
accounting@blincinc.com | Lewis E. Farsedakis | Blinc Inc. | blincinc.com | lewis.farsedakis | lewis.farsedakis@blincinc.com
accounting@powderriverdev.com | Andrew Dewhirst | Powder River Development Services, LLC | powderriverdev.com | andrew.dewhirst | andrew.dewhirst@powderriverdev.com | 1740 E. Fairview Avenue, #1121, Meridian, ID 83642
accounting@buildersart.com | David Barkelew | Builders Art & Graphics, Inc. | buildersart.com | david.barkelew | david.barkelew@buildersart.com
accounting@coatshomes.com | Ben Coats | Coats Homes, LLC | coatshomes.com | ben.coats | ben.coats@coatshomes.com | 3100 Monticello Ave, Suite 340, Dallas, TX
accounting@dollskill.com | Bobby Farahi | Dolls Kill | dollskill.com | bobby.farahi | bobby.farahi@dollskill.com | 415 N Fairfax Ave, Los Angeles, CA 90036
accounting@evizionmedia.com | Xavier Caldera | Evizion Media Group | evizionmedia.com | xavier.caldera | xavier.caldera@evizionmedia.com
accounting@harmonscrapmetal.com | Cam Harmon | Harmon Scrap Metal | harmonscrapmetal.com | cam.harmon | cam.harmon@harmonscrapmetal.com | 608 W 11th St, Columbia, TN 38401
accounting@havasformula.com | Tara Reid | Havas Formula | havasformula.com | tara.reid | tara.reid@havasformula.com | 200 Hudson Street, New York, NY 10013
accounting@foreverbeaumore.com | Jenn Chung | Forever Beaumore Cosmetics, Inc. | foreverbeaumore.com | jenn.chung | jenn.chung@foreverbeaumore.com
accounting@getpantheon.com | Sameer Kazi | Pantheon Platform | getpantheon.com | sameer.kazi | sameer.kazi@getpantheon.com
accounting@kasselmansolar.com | Steven Kasselman | Kasselman Solar | kasselmansolar.com | steven.kasselman | steven.kasselman@kasselmansolar.com | 279 Broadway Building 2, Menands, NY 12204
accounting@faveeo.com | Alexis Dufresne | Faveeo | faveeo.com | alexis.dufresne | alexis.dufresne@faveeo.com
accounting@getmorereviews.com | Karyn Mullins | Uppswell Inc | getmorereviews.com | karyn.mullins | karyn.mullins@getmorereviews.com
accounting@ficoso.com | Michael Barr | First Corporate Solutions | ficoso.com | michael.barr | michael.barr@ficoso.com | Corporate HQ 914 S Street, Sacramento, CA 95811
accounting@laundrycard.com | Steve Marcionetti | Card Concepts Inc. | laundrycard.com | steve.marcionetti | steve.marcionetti@laundrycard.com | 302 South Stewart Avenue, Addison, IL 60101
accounting@lingskincare.com | Patrick Chan | LING Skincare | lingskincare.com | patrick.chan | patrick.chan@lingskincare.com
accounting@lomavistanursery.com | Lyndsi Oestmann | Loma Vista Nursery | lomavistanursery.com | lyndsi.oestmann | lyndsi.oestmann@lomavistanursery.com | Corporate Headquarters. 1107 E 23rd Street Ottawa, Kansas 66067.
accounting@macguffin.com | Michael Salzer | MacGuffin Films | macguffin.com | michael.salzer | michael.salzer@macguffin.com | 411 Lafayette Street, New York, NY 10003
accounting@maxwellproducts.com | Ken Maxwell | Maxwell Products Company, LLC | maxwellproducts.com | ken.maxwell | ken.maxwell@maxwellproducts.com | 650 South Delong St. Salt Lake City, UT 84104
accounting@micromerchantsystems.com | Ketan Mehta | Micro Merchant Systems, Inc | micromerchantsystems.com | ketan.mehta | ketan.mehta@micromerchantsystems.com | 805 RXR Plaza, Uniondale, NY 11556
accounting@newriverfineart.com | Lisa Burgess | New River Fine Art | newriverfineart.com | lisa.burgess | lisa.burgess@newriverfineart.com | 914 E Las Olas Blvd, Fort Lauderdale, FL 33301
accounting@convertkit.com | Nathan Barry | ConvertKit | convertkit.com | nathan.barry | nathan.barry@convertkit.com | 750 West Bannock Street #761, Boise, Idaho 83701
accounting@igpc.com | Ashton Nembhard | IGPC Ethanol Inc. | igpc.com | ashton.nembhard | ashton.nembhard@igpc.com
accounting@opuscg.com | Jacques Santucci | Opus Consulting | opuscg.com | jacques.santucci | jacques.santucci@opuscg.com
accounting@overyondr.com | Graham Dugoni | Yondr | overyondr.com | graham.dugoni | graham.dugoni@overyondr.com
accounting@keepinnews.com | Thomas Viguier | Keep In News | keepinnews.com | thomas.viguier | thomas.viguier@keepinnews.com
accounting@kbmhawaii.com | Josh Motto | KBM Resorts | kbmhawaii.com | josh.motto | josh.motto@kbmhawaii.com
accounting@goinflow.com | Mike Belasco | Inflow | goinflow.com | mike.belasco | mike.belasco@goinflow.com | 621 Kalamath St Suite #010, Denver, CO 80204
accounting@onesouthrealty.com | Rick Jarvis | One South Realty Group / One South Commercial | onesouthrealty.com | rick.jarvis | rick.jarvis@onesouthrealty.com | 2314 West Main Street, Richmond, VA 23220
accounting@innovationexhibits.com | Steve Gable | Innovation Exhibits, Inc | innovationexhibits.com | steve.gable | steve.gable@innovationexhibits.com | 850 McClurg Road, Boardman, OH 44512
accounting@keyrenterdenver.com | Brandon Scholten | Keyrenter Property Management | keyrenterdenver.com | brandon.scholten | brandon.scholten@keyrenterdenver.com | 4300 Harlan St, Wheat Ridge CO 80033
accounting@perfecttiming.com | Solina Walton | Perfect Timing Personnel Services | perfecttiming.com | solina.walton | solina.walton@perfecttiming.com | 3030 Bridgeway, #211, Sausalito, CA 94965
accounting@sidmashburn.com | Jean Cho | Sid & Ann Mashburn | sidmashburn.com | jean.cho | jean.cho@sidmashburn.com | 1170 Howell Mill Road, Atlanta, Georgia, 30318
accounting@nobullproject.com | Marcus Wilson | NOBULL, Inc. | nobullproject.com | marcus.wilson | marcus.wilson@nobullproject.com | 135 William T Morrissey Blvd, Boston, MA 02125
accounting@onebeatcpr.com | Lawrence Franchetti | One Beat Medical | onebeatcpr.com | lawrence.franchetti | lawrence.franchetti@onebeatcpr.com | 5000 Bradenton Ave., Dublin, OH 43017-3520
accounting@techstrata.com | Mike Khalili | TechStrata LLC | techstrata.com | mike.khalili | mike.khalili@techstrata.com
accounting@reganarts.com | Judith Regan | Regan Arts | reganarts.com | judith.regan | judith.regan@reganarts.com
accounting@truqcapp.com | Ross Boyd | TruQC & SPOT Tracker | truqcapp.com | ross.boyd | ross.boyd@truqcapp.com
accounting@verticalchange.com | Jonathan Humfrey | VerticalChange | verticalchange.com | jonathan.humfrey | jonathan.humfrey@verticalchange.com
accounting@visiblechanges.com | Meagan McCormack | Visible Changes | visiblechanges.com | meagan.mccormack | meagan.mccormack@visiblechanges.com | Corporate Office 1303 Campbell Rd, Houston, TX 77055
accounting@vividink.com | Stephen St. Cyr | Vivid Ink Graphics | vividink.com | stephen.cyr | stephen.cyr@vividink.com | 2538 Poydras St. New Orleans, LA 70119
accounting@warnerpr.com | Jessica Whidt | Warner Communications | warnerpr.com | jessica.whidt | jessica.whidt@warnerpr.com | 501 Boylston St, Boston, MA 02116
accounting@pixalate.com | Jalal Nasir | Pixalate | pixalate.com | jalal.nasir | jalal.nasir@pixalate.com
accounting@yellowwebmonkey.com | Alexis Priddy | YellowWebMonkey | yellowwebmonkey.com | alexis.priddy | alexis.priddy@yellowwebmonkey.com
accounting@talechia.com | Talechia Plumlee-Baker | Harcourts Ranch & Coast | talechia.com | talechia.plumlee-baker | talechia.plumlee-baker@talechia.com
accounting@gillettproperties.com | Jon Gillett | Gillett Properties, Ltd. | gillettproperties.com | jon.gillett | jon.gillett@gillettproperties.com
accounting@greatsouthernhomes.com | Mike Satterfield | Great Southern Homes | greatsouthernhomes.com | mike.satterfield | mike.satterfield@greatsouthernhomes.com | 917 Chapin Rd, Chapin, SC 29036
accounting@scapestudio.com | Kate Orff | SCAPE | scapestudio.com | kate.orff | kate.orff@scapestudio.com | 277 Broadway, Ninth Floor, New York, NY 10007
accounting@logic2020.com | Christian O'Meara | Logic20/20 | logic2020.com | christian.o'meara | christian.o'meara@logic2020.com | 1501 1st Ave South, Suite 310, Seattle, WA 98134
accounting@tracksidepeosta.com | Charlie Lundgren | Trackside Bar & Grill | tracksidepeosta.com | charlie.lundgren | charlie.lundgren@tracksidepeosta.com
accounting@revivn.com | John Fazzolari | Revivn | revivn.com | john.fazzolari | john.fazzolari@revivn.com | 141 Flushing Ave, Brooklyn, NY 11205
accounting@aqua-tots.com | Craig A. Wright | Aqua-Tots Swim Schools | aqua-tots.com | craig.wright | craig.wright@aqua-tots.com | 7824 N. 12th St. Phoenix, AZ 85020.
accounting@trifilm.com | Mark Dickison | Trifilm, Inc | trifilm.com | mark.dickison | mark.dickison@trifilm.com
accounting@c21beggins.com | Craig Beggins | Century 21 Beggins Enterprises | c21beggins.com | craig.beggins | craig.beggins@c21beggins.com | 6542 U.S. Hwy. 41 North Suite 101, Apollo Beach, FL 33572
accounting@hinghamsavings.com | Robert H. Gaughen, Jr. | Hingham Institution for Savings | hinghamsavings.com | robert.gaughen, | robert.gaughen,@hinghamsavings.com | 55 Main Street, Hingham, MA 02043
accounting@rivieraschools.com | Kara Locke | Riviera Schools | rivieraschools.com | kara.locke | kara.locke@rivieraschools.com | 6800 Nervia St. Coral Gables, FL 33146
accounting@partnercentric.com | Stephanie Harris | PartnerCentric | partnercentric.com | stephanie.harris | stephanie.harris@partnercentric.com
accounting@novatec.com | Conrad Bessemer | Novatech Inc | novatec.com | conrad.bessemer | conrad.bessemer@novatec.com | 222 E. Thomas Ave. Baltimore, MD 21225 USA
accounting@city2shore.com | Shelley Frody | City2Shore National Franchises | city2shore.com | shelley.frody | shelley.frody@city2shore.com | 1505 Quincy Street, Grandville, MI 49418
accounting@sjp.com | Mark FitzPatrick | St. James's Place | sjp.com | mark.fitzpatrick | mark.fitzpatrick@sjp.com
accounting@meyocks.com | Kelly Ferguson | Meyocks | meyocks.com | kelly.ferguson | kelly.ferguson@meyocks.com | 6800 Lake Drive, Suite 150 West Des Moines, IA 50266
accounting@skylabarchitecture.com | Jeff Kovel | Skylab Architecture | skylabarchitecture.com | jeff.kovel | jeff.kovel@skylabarchitecture.com | 1825 NW Vaughn Street, Portland, OR 97209
accounting@metropolitanrisk.com | Michael Stoop | Metropolitan Risk Advisory | metropolitanrisk.com | michael.stoop | michael.stoop@metropolitanrisk.com | 1 Bridge Street, Suite 140, Irvington, NY 10533
accounting@harperandjones.com | Drew Jones | Harper + Jones | harperandjones.com | drew.jones | drew.jones@harperandjones.com | 2736 Routh St, Dallas, TX 75201
accounting@modani.com | Nathan Cohen | Modani Furniture | modani.com | nathan.cohen | nathan.cohen@modani.com | 2898 Biscayne Blvd, Miami, FL 33137
accounting@tangent.com | Douglas Monsour | Tangent | tangent.com | douglas.monsour | douglas.monsour@tangent.com
accounting@bbhsolutions.com | Bruce B. Hoernecke | BBH Solutions Inc. | bbhsolutions.com | bruce.hoernecke | bruce.hoernecke@bbhsolutions.com | 121 East 24th Street, New York, NY 10010
accounting@cureatr.com | Richard Resnick | Cureatr | cureatr.com | richard.resnick | richard.resnick@cureatr.com
accounting@originalgrain.com | Ryan Beltran | Original Grain | originalgrain.com | ryan.beltran | ryan.beltran@originalgrain.com | Inc. 1205 J St #J, San Diego, CA 92101
accounting@alliedworks.com | Brad Cloepfil | Allied Works Architecture | alliedworks.com | brad.cloepfil | brad.cloepfil@alliedworks.com | 1532 SW Morrison Street, Portland, OR 97205
accounting@swansonsnursery.com | Brian Damron | Swansons Nursery | swansonsnursery.com | brian.damron | brian.damron@swansonsnursery.com
accounting@grupovidanta.com | Daniel Chávez Morán | Grupo Vidanta | grupovidanta.com | daniel.morán | daniel.morán@grupovidanta.com | Paseo de las Moras S/N Fraccionamiento Náutico Turístico, CP 63735, Nuevo Vallarta, Nayarit, Mexico
accounting@youthmarketing.com | Paul Himmelfarb | Youth Marketing Connection | youthmarketing.com | paul.himmelfarb | paul.himmelfarb@youthmarketing.com
accounting@bbhinc.com | Bruce Hoernecke | BBH Solutions, Inc. | bbhinc.com | bruce.hoernecke | bruce.hoernecke@bbhinc.com
accounting@carolfoxassociates.com | Carol Fox | Carol Fox & Associates | carolfoxassociates.com | carol.fox | carol.fox@carolfoxassociates.com | 1120 W. Belmont Ave. Chicago, IL 60657
accounting@gomomentum.com | Todd Zittrouer | Momentum | gomomentum.com | todd.zittrouer | todd.zittrouer@gomomentum.com | 2 Ravinia Drive, Suite 1630, Atlanta, GA 30346
accounting@rule.com | Rick Rule | Rule Investment Media | rule.com | rick.rule | rick.rule@rule.com
accounting@baileysgym.com | David N Bailey | Bailey's Health & Fitness | baileysgym.com | david.bailey | david.bailey@baileysgym.com | 9545 San Jose Blvd Ste 3 Jacksonville, FL 32257
accounting@southtacomaauto.com | Mo Aliabadi | South Tacoma Auto Sales, Inc. | southtacomaauto.com | mo.aliabadi | mo.aliabadi@southtacomaauto.com | 7838 South Tacoma Way, Tacoma, WA 98409
accounting@starlinetours.com | Kami Farhadi | Starline Tours | starlinetours.com | kami.farhadi | kami.farhadi@starlinetours.com | 6801 Hollywood Blvd, Suite 207, Los Angeles, CA 90028
accounting@unihdd.com | Alex Murovanny | Universal HDD | unihdd.com | alex.murovanny | alex.murovanny@unihdd.com | 1221 Flex Ct, Lake Zurich, IL 60047, USA
accounting@crresearch.com | Paul Metz | C+R Research | crresearch.com | paul.metz | paul.metz@crresearch.com | 150 N. Michigan Ave. Chicago, IL 60601
accounting@arrowstrategies.com | Jeff Styers | Arrow Strategies | arrowstrategies.com | jeff.styers | jeff.styers@arrowstrategies.com | 525 S. Washington Ave, Royal Oak, MI 48067
accounting@hernon.com | Harry Arnon | Hernon Manufacturing Inc. | hernon.com | harry.arnon | harry.arnon@hernon.com | 121 Tech Drive, Sanford, FL 32771
accounting@sealdynamics.com | David Susser | Seal Dynamics | sealdynamics.com | david.susser | david.susser@sealdynamics.com | 2 Adams Avenue, Hauppauge, NY 11788
accounting@monobind.com | Alicia Jerome | Monobind Inc. | monobind.com | alicia.jerome | alicia.jerome@monobind.com | 103 North Pointe Drive, Lake Forest, CA 92630, USA
accounting@championone.com | Michael Rapp | Champion ONE | championone.com | michael.rapp | michael.rapp@championone.com
accounting@msr-fsr.com | Daniel J. Tobin | MSR-FSR | msr-fsr.com | daniel.tobin | daniel.tobin@msr-fsr.com
accounting@merchantindustry.com | Leo Vartanov | Merchant Industry LLC | merchantindustry.com | leo.vartanov | leo.vartanov@merchantindustry.com | 36-36 33rd St, Suite 206, Long Island City, NY 11106
accounting@crystalartgallery.com | Randy Greenberg | Crystal Art Gallery | crystalartgallery.com | randy.greenberg | randy.greenberg@crystalartgallery.com | 4950 S. Santa Fe Ave. Vernon, CA 90058.
accounting@alamoarchitects.com | Crystal Del Bosque | Alamo Architects | alamoarchitects.com | crystal.bosque | crystal.bosque@alamoarchitects.com | 1512 South Flores St. San Antonio, TX 78204
accounting@calavo.com | Lee E. Cole | Calavo Growers | calavo.com | lee.cole | lee.cole@calavo.com | 1141A Cummings Road Santa Paula, CA 93060
accounting@dgmachine.com | Charlie Tarling | D&G Machine Products Inc. | dgmachine.com | charlie.tarling | charlie.tarling@dgmachine.com | 50 Eisenhower Drive, Westbrook, Maine 04092 USA
accounting@eprkc.com | Gregory Silvers | EPR Properties | eprkc.com | gregory.silvers | gregory.silvers@eprkc.com | 909 Walnut Street, Suite 200, Kansas City, MO 64106
accounting@csgny.com | John | Computer Services Group | csgny.com | john | john@csgny.com
accounting@reoinc.com | Paul Kelly | Research Electro-Optics Inc. | reoinc.com | paul.kelly | paul.kelly@reoinc.com
accounting@timbuk2.com | Patti Cazzato | Timbuk2 | timbuk2.com | patti.cazzato | patti.cazzato@timbuk2.com | 506 Hayes St, San Francisco, CA 94102
accounting@cesilds.com | Jim Craddock | CESI Civil-Geotechnical-Surveying | cesilds.com | jim.craddock | jim.craddock@cesilds.com
accounting@ledgeloungers.com | Chris Scherzinger | Ledge Lounger Inc. | ledgeloungers.com | chris.scherzinger | chris.scherzinger@ledgeloungers.com | 616 Cane Island Parkway, Katy, Texas 77494
accounting@stcharlestrading.com | Carol Lynn McNally | St. Charles Trading, Inc. | stcharlestrading.com | carol.mcnally | carol.mcnally@stcharlestrading.com | 1400 Madeline Lane, Elgin, IL 60124
accounting@itascabank.com | James R. Mensching | Itasca Bank & Trust Co. | itascabank.com | james.mensching | james.mensching@itascabank.com | 308 West Irving Park Road, Itasca, IL 60143
accounting@2cpusa.com | William Barber | 2C Processor | 2cpusa.com | william.barber | william.barber@2cpusa.com
accounting@npgco.com | David Bradley | News-Press & Gazette Company | npgco.com | david.bradley | david.bradley@npgco.com | 825 Edmond St, St. Joseph, MO 64501
accounting@lbcboston.com | Andrian M. Shapiro | LBC Boston | lbcboston.com | andrian.shapiro | andrian.shapiro@lbcboston.com
accounting@gousawireless.com | Aous Uweyda | USA Wireless | gousawireless.com | aous.uweyda | aous.uweyda@gousawireless.com | 5177 Lake Worth Road, Greenacres, FL 33463
accounting@gymsource.com | Richard Miller | Gym Source | gymsource.com | richard.miller | richard.miller@gymsource.com
accounting@rejuvmedical.com | Tami Lake | Rejuv Medical | rejuvmedical.com | tami.lake | tami.lake@rejuvmedical.com
accounting@lamarcosystems.com | Marat Sedenkov | LaMarco Systems, Inc. | lamarcosystems.com | marat.sedenkov | marat.sedenkov@lamarcosystems.com
accounting@legacytowers.com | Jim Tracy | Legacy Telecommunications, LLC | legacytowers.com | jim.tracy | jim.tracy@legacytowers.com | 8102 Skansie Avenue, Gig Harbor, WA 98332
accounting@float4.com | Alexandre Simionescu | Float4 | float4.com | alexandre.simionescu | alexandre.simionescu@float4.com
accounting@faithhealthcare.com | Michael Vaught | Faith Healthcare | faithhealthcare.com | michael.vaught | michael.vaught@faithhealthcare.com
accounting@insiteus.com | Ben Shmul | InSite Group | insiteus.com | ben.shmul | ben.shmul@insiteus.com | 910 SE 17th Street, Fort Lauderdale, FL 33316
accounting@immedia-tech.com | Jeff Emmons | Immedia | immedia-tech.com | jeff.emmons | jeff.emmons@immedia-tech.com | 8399 East Hartford Dr, Scottsdale, AZ 85255
accounting@quintadvertising.com | Alex Quint | Quint Advertising, Inc | quintadvertising.com | alex.quint | alex.quint@quintadvertising.com
accounting@upslopebrewing.com | Dany Page | Upslope Brewing Company | upslopebrewing.com | dany.page | dany.page@upslopebrewing.com | Flatiron Park, 1898 S Flatiron Ct, Boulder, CO 80301
accounting@extranomical.com | Rodrigo Enriquez | Extranomical Tours, LLC | extranomical.com | rodrigo.enriquez | rodrigo.enriquez@extranomical.com
accounting@brawnerbuilders.com | Basilio Rodriguez | Brawner Builders, Inc. | brawnerbuilders.com | basilio.rodriguez | basilio.rodriguez@brawnerbuilders.com | 11011 McCormick Road, Hunt Valley, MD 21031
accounting@linon.com | Demetrios Ziozis | Linon Home Decor Products/Powell | linon.com | demetrios.ziozis | demetrios.ziozis@linon.com | 22 Jericho Turnpike, Mineola, NY 11501
accounting@weisersecurity.com | Michael L Weiser | Weiser Security Services, Inc. | weisersecurity.com | michael.weiser | michael.weiser@weisersecurity.com | 3939 Tulane Avenue, New Orleans, Louisiana 70119
accounting@recohvac.com | Charles Bradbury Roessler | Roessler Equipment Company | recohvac.com | charles.roessler | charles.roessler@recohvac.com
accounting@kore1.com | Steve Quarles | KORE1 | kore1.com | steve.quarles | steve.quarles@kore1.com | Location: Irvine, CA 92618
accounting@mlasolutions.com | Leonardo (Leo) Lazo | Mandarin Library Automation | mlasolutions.com | leonardo.lazo | leonardo.lazo@mlasolutions.com | Inc. P.O. Box 272308, Boca Raton, FL 33427-2308
accounting@tictoc.com | Shou Zi Chew | TikTok | tictoc.com | shou.chew | shou.chew@tictoc.com
accounting@tritowertelecom.com | Alex Whitaker | Tri Tower Telecom | tritowertelecom.com | alex.whitaker | alex.whitaker@tritowertelecom.com | 1365 Emerson Street, Rochester, New York 14606
accounting@bentleygallery.com | Bentley Calverley | Bentley Gallery | bentleygallery.com | bentley.calverley | bentley.calverley@bentleygallery.com | 250 E McKinley St, Phoenix, AZ 85004
accounting@gardner-builders.com | Bob Gardner | Gardner Builders | gardner-builders.com | bob.gardner | bob.gardner@gardner-builders.com | 301 W. Wisconsin Avenue, Suite 106, Milwaukee, WI 53203
accounting@zephyronline.com | Edward Tsang | Zephyr Corporation | zephyronline.com | edward.tsang | edward.tsang@zephyronline.com | 2277 Alameda Street, San Francisco CA 94103
accounting@kennicott.com | Harrison "Red" Kennicott III | Kennicott & Nordlie | kennicott.com | harrison.kennicott | harrison.kennicott@kennicott.com
accounting@projectwayfinder.com | Patrick Cook-Deegan | Project Wayfinder | projectwayfinder.com | patrick.cook-deegan | patrick.cook-deegan@projectwayfinder.com | Attn: Copyright Agent P.O. BOX 2876, Berkeley CA 94702
accounting@codeconsultants.com | Terry Schultz | Code Consultants International, Inc. | codeconsultants.com | terry.schultz | terry.schultz@codeconsultants.com | 431 East Grand Avenue Suite C El Segundo, CA 90245
accounting@aresllc-properties.com | Chris Ernst | ARES, LLC | aresllc-properties.com | chris.ernst | chris.ernst@aresllc-properties.com
accounting@ferrazzigreenlight.com | Keith Ferrazzi | Ferrazzi Greenlight | ferrazzigreenlight.com | keith.ferrazzi | keith.ferrazzi@ferrazzigreenlight.com | 10250 Constellation Blvd, Los Angeles, CA 90067
accounting@lbpm.com | Robert Lopata | LB Property Management | lbpm.com | robert.lopata | robert.lopata@lbpm.com | 4730 Woodman Avenue, Suite 200, Sherman Oaks, CA 91423
accounting@drew-marine.com | Frank Monteiro | Drew Marine | drew-marine.com | frank.monteiro | frank.monteiro@drew-marine.com
accounting@fisherind.com | Tommy Fisher | Fisher Industries | fisherind.com | tommy.fisher | tommy.fisher@fisherind.com | 3020 Energy Drive, Dickinson, ND 58601
accounting@wns1.com | Keshav Murugesh | WNS Limited | wns1.com | keshav.murugesh | keshav.murugesh@wns1.com
accounting@klalabs.com | Matt O'Bryan | KLA Laboratories, Inc. | klalabs.com | matt.o'bryan | matt.o'bryan@klalabs.com | 6800 Chase Road, Dearborn, MI 48126
accounting@agendize.com | Alexandre Rambaud | Agendize | agendize.com | alexandre.rambaud | alexandre.rambaud@agendize.com
accounting@indiconinc.com | Jack Iannantuono | INDICON, INC. | indiconinc.com | jack.iannantuono | jack.iannantuono@indiconinc.com | 682 N. Brookside Road, Suite 100, Allentown, PA 18106-9646
accounting@iam.uk.com | Andrew Gibson | International Asset Management | iam.uk.com | andrew.gibson | andrew.gibson@iam.uk.com | 11a Regent Street, London, SW1Y 4LR, UK
accounting@astroavl.com | Craig Merrick | Astro Audio Video Lighting, Inc. | astroavl.com | craig.merrick | craig.merrick@astroavl.com | 6615 San Fernando Rd, Glendale, CA 91201
accounting@spantechllc.com | Bud Layne | SpanTech LLC | spantechllc.com | bud.layne | bud.layne@spantechllc.com
accounting@tel-netgroup.com | Mike Ballis | The Tel-Net Group Inc | tel-netgroup.com | mike.ballis | mike.ballis@tel-netgroup.com
accounting@utilitytrailerofdallas.com | Packy Watson | Utility Trailer of Dallas, Inc. | utilitytrailerofdallas.com | packy.watson | packy.watson@utilitytrailerofdallas.com | 34241 Lyndon B Johnson Freeway Dallas, TX 75241
accounting@transactionresources.com | Christopher Briller | Transaction Resources, Inc. | transactionresources.com | christopher.briller | christopher.briller@transactionresources.com | P.O. Box 667, Richmond, VT 05477-0667
accounting@opswerks.com | Steve Kwan | OpsWerks | opswerks.com | steve.kwan | steve.kwan@opswerks.com
accounting@okera.com | Nick Halsey | Okera | okera.com | nick.halsey | nick.halsey@okera.com
accounting@spgstudios.com | Gregory Stone | SPG Studios, Inc. | spgstudios.com | gregory.stone | gregory.stone@spgstudios.com | 919 N Victory Blvd, Burbank, CA 91502
accounting@aboveabc.com | Mark Haley | Above and Beyond Catering | aboveabc.com | mark.haley | mark.haley@aboveabc.com | 242 E. Berkeley Street Boston, MA 02118
accounting@medivisuals.com | Bob Shepherd | MediVisuals, Inc. | medivisuals.com | bob.shepherd | bob.shepherd@medivisuals.com | 2008 Libbie Ave, Suite 200, Richmond, VA 23226
accounting@commitent.com | Bill Hoffer | CommIT Enterprises, Inc. | commitent.com | bill.hoffer | bill.hoffer@commitent.com | 4151 Spruill Avenue, Suite 300, North Charleston, SC 29405
accounting@codingzeal.com | Trever Yarrish | ZEAL | codingzeal.com | trever.yarrish | trever.yarrish@codingzeal.com | 123 Main St Grants Pass, OR 97526
accounting@infinityels.com | Ryen Leyva | Infinity Enterprise Lending Systems | infinityels.com | ryen.leyva | ryen.leyva@infinityels.com
accounting@corwinlaw.com | Marcus W. Corwin | Corwin Law | corwinlaw.com | marcus.corwin | marcus.corwin@corwinlaw.com | 600 Unicorn Park Drive, Woburn, MA 01801
accounting@cascadeo.com | Jared Reimer | Cascadeo | cascadeo.com | jared.reimer | jared.reimer@cascadeo.com
accounting@gabrielcosmeticsinc.com | Gabriel DeSantino | Gabriel Cosmetics, Inc. | gabrielcosmeticsinc.com | gabriel.desantino | gabriel.desantino@gabrielcosmeticsinc.com | Gabriel Cosmetics Inc. PO Box 409, Redmond, WA 98073
accounting@cockroachlabs.com | Spencer Kimball | Cockroach Labs | cockroachlabs.com | spencer.kimball | spencer.kimball@cockroachlabs.com | 125 West 25th Street, 11th Floor, New York, NY 10001
accounting@dependable-taxservices.com | David A. Rodriguez | Dependable Tax Services | dependable-taxservices.com | david.rodriguez | david.rodriguez@dependable-taxservices.com
accounting@qmscfl.com | Jeffrey Cox | Quality Manufacturing Services Inc. | qmscfl.com | jeffrey.cox | jeffrey.cox@qmscfl.com | 400 Caring Drive, Suite 1010, Lake Mary, FL 32746
accounting@epochresidential.com | Justin R. Sand | Epoch Residential | epochresidential.com | justin.sand | justin.sand@epochresidential.com | 359 Carolina Avenue, Ste. B Winter Park, FL 32789
accounting@nclud.com | Kerry Gunther | nclud | nclud.com | kerry.gunther | kerry.gunther@nclud.com | 1424 K St NW, Washington, DC 20005
accounting@pinnpack.com | Ira Maroofian | Pinnpack Capital Holdings, LLC | pinnpack.com | ira.maroofian | ira.maroofian@pinnpack.com | 1151 Pacific Ave, Oxnard, CA 93033
accounting@saltawithus.com | Amaya Beltrán | Salta With Us | saltawithus.com | amaya.beltrán | amaya.beltrán@saltawithus.com
accounting@vortexsoft.com | Greg Van Wijk | Vortex Business Software Corporation | vortexsoft.com | greg.wijk | greg.wijk@vortexsoft.com
accounting@on-cc.com | Anurag Sinha | FPL Technologies | on-cc.com | anurag.sinha | anurag.sinha@on-cc.com
accounting@nmsproperties.com | Neil Shekhter | NMS Properties, Inc | nmsproperties.com | neil.shekhter | neil.shekhter@nmsproperties.com
accounting@vecompanies.com | Werner Berens | Vecoplan | vecompanies.com | werner.berens | werner.berens@vecompanies.com
accounting@serviacero.com | Gustavo Zermeño | Serviacero | serviacero.com | gustavo.zermeño | gustavo.zermeño@serviacero.com | Blvd. Hermanos Aldama 4002, Colonia Ciudad Industrial, León, Guanajuato, Mexico, 37290
accounting@rdiconnect.com | Dr. Rachelle Sheely | RDIconnect® | rdiconnect.com | rachelle.sheely | rachelle.sheely@rdiconnect.com
accounting@powerfundingltd.com | Dominique Villarreal | Power Funding Ltd | powerfundingltd.com | dominique.villarreal | dominique.villarreal@powerfundingltd.com
accounting@papertrays.com | Jim Morgan | Pressed Paperboard Technologies L.L.C. | papertrays.com | jim.morgan | jim.morgan@papertrays.com
accounting@coffeebean.com.ph | Walden Chu | The Coffee Bean and Tea Leaf (Philippines) | coffeebean.com.ph | walden.chu | walden.chu@coffeebean.com.ph
accounting@dnetsystems.com | Kevin Keck | DataNet Systems, Inc. | dnetsystems.com | kevin.keck | kevin.keck@dnetsystems.com | 5926 Balcones Dr, Ste 240, Austin, Texas 78731
accounting@linksys.com | Harry Dewhirst | Linksys | linksys.com | harry.dewhirst | harry.dewhirst@linksys.com
accounting@eastlandfood.com | Oscar Mekhaya | Eastland Food International Corp | eastlandfood.com | oscar.mekhaya | oscar.mekhaya@eastlandfood.com | 8305 Stayton Drive, Jessup, MD 20794
accounting@3lopez.com | Alfonso Lopez | 3 Lopez Films | 3lopez.com | alfonso.lopez | alfonso.lopez@3lopez.com
accounting@accelered.com | Wendy Colby | AccelerEd | accelered.com | wendy.colby | wendy.colby@accelered.com | 7315 Wisconsin Avenue Suite 400, Bethesda, MD 20814
accounting@calpacsheetmetal.com | Mari Kurtz | Cal Pac Sheet Metal, Inc. | calpacsheetmetal.com | mari.kurtz | mari.kurtz@calpacsheetmetal.com | 2720 S. Main Street Unit B, Santa Ana, California 92707
accounting@vitalcomm.info | Michael Hellekson | VITAL Computer | vitalcomm.info | michael.hellekson | michael.hellekson@vitalcomm.info
accounting@brouwerbrothers.com | Rick Brouwer | Brouwer Brothers Steamatic | brouwerbrothers.com | rick.brouwer | rick.brouwer@brouwerbrothers.com
accounting@unilux.com | Olivier Reiner | Unilux Inc. | unilux.com | olivier.reiner | olivier.reiner@unilux.com | 59 North 5th Street, Saddle Brook, NJ 07663, USA
accounting@tarinatarantino.com | Alfonso Campos | TARINA TARANTINO | tarinatarantino.com | alfonso.campos | alfonso.campos@tarinatarantino.com
accounting@hepcoinc.com | David B. du Pont | HEPCO, Inc. | hepcoinc.com | david.pont | david.pont@hepcoinc.com | Headquarters: Saddle Brook, NJ
accounting@gtks.com | Gary Keith Miles | Global Turn Key Services (GTKS) | gtks.com | gary.miles | gary.miles@gtks.com | 8181 Arista Place, Suite 100, Broomfield, CO 80021
accounting@alexandriavw.com | Joel S. Marcus | Alexandria Real Estate Equities Inc. | alexandriavw.com | joel.marcus | joel.marcus@alexandriavw.com
accounting@ladyamericana.com | Kerry Tramel | Lady Americana Associates | ladyamericana.com | kerry.tramel | kerry.tramel@ladyamericana.com
accounting@becktv.com | Fred Beck | BeckTV | becktv.com | fred.beck | fred.beck@becktv.com | 16024 Central Commerce Dr. Pflugerville, TX 78660
accounting@kinneygroup.com | Jim Kinney | Kinney Group | kinneygroup.com | jim.kinney | jim.kinney@kinneygroup.com
accounting@digifier.com | Azadeh Rahvarian | Digifier Inc. | digifier.com | azadeh.rahvarian | azadeh.rahvarian@digifier.com | 1812 Victory Blvd, Los Angeles, CA 91201
accounting@atlanta-airport.com | Ricky Smith | Hartsfield-Jackson Atlanta International Airport | atlanta-airport.com | ricky.smith | ricky.smith@atlanta-airport.com
accounting@atlasantibodies.com | Dan Pitulia | Atlas Antibodies Group | atlasantibodies.com | dan.pitulia | dan.pitulia@atlasantibodies.com | Atlas Antibodies AB, Hagaplan 4, 113 68, Stockholm, Sweden
accounting@domaonline.com | Pat Feliciano | DOMA Technologies, LLC | domaonline.com | pat.feliciano | pat.feliciano@domaonline.com | 841 Seahawk Circle, Virginia Beach, VA 23452
accounting@datadoctors.com | Ken Colburn | Data Doctors Computer Services | datadoctors.com | ken.colburn | ken.colburn@datadoctors.com
accounting@overnightlabels.com | Don Earl | Overnight Labels, Inc. | overnightlabels.com | don.earl | don.earl@overnightlabels.com
accounting@rematlanta.com | Alex Lu | Restaurant Equipment Market, LLC | rematlanta.com | alex.lu | alex.lu@rematlanta.com
accounting@silotechgroup.com | Tiffany Tremont | Silotech Group, Inc. | silotechgroup.com | tiffany.tremont | tiffany.tremont@silotechgroup.com | 18918 Ridgewood Pkwy, San Antonio, TX 78259
accounting@confidentstaffing.com | Rebecca H. Morrison-Stoney | Confident Staffing Inc. | confidentstaffing.com | rebecca.morrison-stoney | rebecca.morrison-stoney@confidentstaffing.com | 1575 E McAndrews, Suite 300, Medford, OR 97504
accounting@strategic-adv.com | Tim Weisheyer | Strategic Advantage Consulting | strategic-adv.com | tim.weisheyer | tim.weisheyer@strategic-adv.com | 624 Holly Springs Road, Suite 410, Holly Springs, NC, 27540
accounting@intermedia.com | Michael J Gold | Intermedia Cloud Communications | intermedia.com | michael.gold | michael.gold@intermedia.com | 1050 Enterprise Way, Ste. 200, Sunnyvale, CA 94089, USA
accounting@atlas.us.com | Bill Trzos | Atlas General Insurance Services | atlas.us.com | bill.trzos | bill.trzos@atlas.us.com | 6165 Greenwich Drive, Suite 200, San Diego, CA 92122
accounting@nationaljets.com | Mark Binko | National Jets, Inc. | nationaljets.com | mark.binko | mark.binko@nationaljets.com | 3495 SW 9th Avenue Fort Lauderdale, FL 33315
accounting@brisbaneindustrial.com | Christopher Brisbane | Brisbane Industrial Drive Co | brisbaneindustrial.com | christopher.brisbane | christopher.brisbane@brisbaneindustrial.com | 1432 State Route 903, Jim Thorpe, PA 18229
accounting@intmarine.com | Larry Lee | International Marine Products, Inc. | intmarine.com | larry.lee | larry.lee@intmarine.com | 3020 E Washington Blvd, Los Angeles, CA 90023
accounting@harrisonep.com | Tom Harrison | Harrison Electropolishing | harrisonep.com | tom.harrison | tom.harrison@harrisonep.com | 13002 Brittmoore Park Dr, Houston, TX 77041-7231
accounting@phmc.com | Michael Pearson | Public Health Management Corp | phmc.com | michael.pearson | michael.pearson@phmc.com
accounting@libertyfoxtech.com | Bill Evans | Liberty Fox Technologies | libertyfoxtech.com | bill.evans | bill.evans@libertyfoxtech.com | 931 Huntingdon Pike, Huntingdon Valley, PA 19006
accounting@pgsusa.com | Kevin Van Middlesworth | Platinum Group Security | pgsusa.com | kevin.middlesworth | kevin.middlesworth@pgsusa.com
accounting@adb-air.com | Laurent Dubois | ADB SAFEGATE | adb-air.com | laurent.dubois | laurent.dubois@adb-air.com
accounting@jomarinc.com | Mark Lapaglia | Jomar Electrical | jomarinc.com | mark.lapaglia | mark.lapaglia@jomarinc.com
accounting@scapromo.com | Bob Hamman | SCA Promotions | scapromo.com | bob.hamman | bob.hamman@scapromo.com
accounting@blondiestreehouse.com | Howard Freilich | Blondie's Treehouse, Inc. | blondiestreehouse.com | howard.freilich | howard.freilich@blondiestreehouse.com | 242 West 30th Street, New York, NY 10001
accounting@creativegamesinc.com | Erick Mauro | Creative Games Inc | creativegamesinc.com | erick.mauro | erick.mauro@creativegamesinc.com | 200 Frank Road, Hicksville, NY 11801
accounting@bes.com | Aasimah Navlakhi | BES | bes.com | aasimah.navlakhi | aasimah.navlakhi@bes.com
accounting@hightechndt.com | Oswaldo Machado | High Tech Supplies | hightechndt.com | oswaldo.machado | oswaldo.machado@hightechndt.com
accounting@lknmedia.com | Ken Bonham | LKN Media | lknmedia.com | ken.bonham | ken.bonham@lknmedia.com
accounting@carverbank.com | Donald Felix | Carver Bancorp, Inc. | carverbank.com | donald.felix | donald.felix@carverbank.com | 75 West 125th Street, New York, NY 10027
accounting@luckybreakpr.com | Mike Stommel | Lucky Break Public Relations | luckybreakpr.com | mike.stommel | mike.stommel@luckybreakpr.com
accounting@visionsolar.com | Jonathan Seibert | Vision Solar LLC | visionsolar.com | jonathan.seibert | jonathan.seibert@visionsolar.com
accounting@ramirezco.com | Samuel A. Ramirez | Samuel A. Ramirez & Company, Inc. | ramirezco.com | samuel.ramirez | samuel.ramirez@ramirezco.com | 14 E. 52nd Street, New York, NY 10022
accounting@mrprint.com | Danny Sweem | The M&R Companies | mrprint.com | danny.sweem | danny.sweem@mrprint.com | 440 Medinah Rd. Roselle, Illinois 60172, USA
accounting@veriforce.com | Colby Lane | Veriforce | veriforce.com | colby.lane | colby.lane@veriforce.com | 19221 I-45 South, Suite 200, Shenandoah, TX 77385
accounting@aaaflag.com | Craig Furst | AAA Flag & Banner | aaaflag.com | craig.furst | craig.furst@aaaflag.com
accounting@ceiglobal.com | Don Martin | Competitive Engineering | ceiglobal.com | don.martin | don.martin@ceiglobal.com
accounting@dallasdesk.com | Dennis Stein | Dallas Desk, Inc. | dallasdesk.com | dennis.stein | dennis.stein@dallasdesk.com | 15207 Midway Road, Addison, TX 75001
accounting@carizmalubbock.com | Josie Walker | Carizma Motors | carizmalubbock.com | josie.walker | josie.walker@carizmalubbock.com | 7302 W. 19th St., Lubbock, TX 79407
accounting@logisuite.com | Heider Santander | Logisuite Corporation | logisuite.com | heider.santander | heider.santander@logisuite.com | 8725 NW 18th Terrace Suite 402, Miami, FL 33172
accounting@spiritactivewear.com | Jake Ptasznik | Spirit Activewear | spiritactivewear.com | jake.ptasznik | jake.ptasznik@spiritactivewear.com | 2137 E. 37th Street Vernon, CA 90058
accounting@mazamacap.com | Ronald Sauer | Mazama Capital Management, Inc | mazamacap.com | ronald.sauer | ronald.sauer@mazamacap.com
accounting@sggimmigration.com | Lincoln Stone | Stone Grzegorek & Gonzalez LLP | sggimmigration.com | lincoln.stone | lincoln.stone@sggimmigration.com | 707 Wilshire Boulevard, Suite 3200, Los Angeles, CA 90017
accounting@gomezhaulers.com | Alfred Gomez | Gomez Haulers | gomezhaulers.com | alfred.gomez | alfred.gomez@gomezhaulers.com
accounting@mayorgacoffee.com | Martin Mayorga | Mayorga Organics, LLC | mayorgacoffee.com | martin.mayorga | martin.mayorga@mayorgacoffee.com
accounting@hardyboyplant.com | Marty Gerace | Welby Gardens Co. Inc | hardyboyplant.com | marty.gerace | marty.gerace@hardyboyplant.com | 17201 W. 64th Ave. Arvada, CO 80007
accounting@mbharch.com | John McNulty | MBH Architects | mbharch.com | john.mcnulty | john.mcnulty@mbharch.com | 960 Atlantic Ave, Alameda, CA 94501
accounting@carvihotel.com | Alfredo Pedro | Carvi Hotels | carvihotel.com | alfredo.pedro | alfredo.pedro@carvihotel.com
accounting@zeekee.com | David Gibson | Zeekee | zeekee.com | david.gibson | david.gibson@zeekee.com
accounting@btblaw.com | Agnes Fuentevilla Padilla | Butt Thornton & Baehr PC | btblaw.com | agnes.padilla | agnes.padilla@btblaw.com | MAILING ADDRESS: PO Box 3170, Albuquerque, NM 87190
accounting@worldwidefoam.com | John Petrofsky | Worldwide Foam | worldwidefoam.com | john.petrofsky | john.petrofsky@worldwidefoam.com | 1806 Conant Street, Elkhart, IN 46516
accounting@coit-lou.com | Lou Kearn | Coit Services | coit-lou.com | lou.kearn | lou.kearn@coit-lou.com
accounting@1031crowdfunding.com | Edward E. Fernandez | 1031 Crowdfunding | 1031crowdfunding.com | edward.fernandez | edward.fernandez@1031crowdfunding.com | 2603 Main Street #1050, Irvine, CA 92614
accounting@kgcinc.com | Vijay Kapoor | KGC Inc. | kgcinc.com | vijay.kapoor | vijay.kapoor@kgcinc.com | 6461 Global Drive, Cypress, CA 90630
accounting@rrccompanies.com | Bill Bong | RRC Companies | rrccompanies.com | bill.bong | bill.bong@rrccompanies.com | 810 Hesters Crossing Rd, Suite 120, Round Rock, TX 78681
accounting@skyepoint.com | Bo Kimbrough | SkyePoint Decisions, Inc. | skyepoint.com | bo.kimbrough | bo.kimbrough@skyepoint.com | 45240 Business Court, Dulles, VA 20166
accounting@vistapl.com | Martha Cahall | Vista Packaging and Logistics | vistapl.com | martha.cahall | martha.cahall@vistapl.com
accounting@elliottwave.com | Robert R. Prechter | Elliott Wave International | elliottwave.com | robert.prechter | robert.prechter@elliottwave.com | PO Box 1618, Gainesville, GA 30503 USA
accounting@321zips.com | Bob Barry | ZIPS Dry Cleaners | 321zips.com | bob.barry | bob.barry@321zips.com
accounting@kfi-eng.com | Tony Mirchandani | KFI Engineers | kfi-eng.com | tony.mirchandani | tony.mirchandani@kfi-eng.com | 670 County Road B West, Roseville, MN 55113
accounting@montage.com | Alan J. Fuerstman | Montage International | montage.com | alan.fuerstman | alan.fuerstman@montage.com
accounting@cbsnorthstar.com | Art Julian | CBS NorthStar | cbsnorthstar.com | art.julian | art.julian@cbsnorthstar.com | 1 Studebaker, Irvine, CA 92618
accounting@irrometer.com | Jeremy Sullivan | Irrometer Company Inc. | irrometer.com | jeremy.sullivan | jeremy.sullivan@irrometer.com | 1425 Palmyrita Ave, Riverside, CA 92507
accounting@veramotors.com | Louis Vera | Vera Motors | veramotors.com | louis.vera | louis.vera@veramotors.com
accounting@custerproducts.com | Brad Custer | Custer Products Limited | custerproducts.com | brad.custer | brad.custer@custerproducts.com
accounting@hunovallaw.com | Matt Hunoval | The Hunoval Law Firm, PLLC | hunovallaw.com | matt.hunoval | matt.hunoval@hunovallaw.com
accounting@holandinvestments.com | Rose E Ovalle | HOLAND INVESTMENTS, LTD | holandinvestments.com | rose.ovalle | rose.ovalle@holandinvestments.com
accounting@utilitysolutionsllc.com | Steven Casazza | Utility Solutions Partners | utilitysolutionsllc.com | steven.casazza | steven.casazza@utilitysolutionsllc.com | 80 M Street SE Suite 02-262, Washington, DC 20003
accounting@inkript.com | Hisham Itani | Resource Group Holding (RGH) | inkript.com | hisham.itani | hisham.itani@inkript.com
accounting@fusionhcs.com | Daniel Westenskow | Fusion Healthcare Staffing LLC | fusionhcs.com | daniel.westenskow | daniel.westenskow@fusionhcs.com | Mailing Address: P.O. Box 1865, Sandy, UT 84091
accounting@satcountry.com | Jude Bricker | Satellite Country | satcountry.com | jude.bricker | jude.bricker@satcountry.com
accounting@sentekdynamics.com | James Zhuge | Sentek Dynamics | sentekdynamics.com | james.zhuge | james.zhuge@sentekdynamics.com | 2090 Duane Avenue, Santa Clara, CA 95054 (USA)
accounting@sfara.com | Erik Goldman | Sfara | sfara.com | erik.goldman | erik.goldman@sfara.com | 221 River Street, 9th Floor Hoboken, NJ 07030
accounting@newacttravel.com | Lili Dallal | New Act Travel | newacttravel.com | lili.dallal | lili.dallal@newacttravel.com | 1925 Century Park E #1260, Los Angeles, CA 90067
accounting@alicelanehome.com | Adam Bennett | Alice Lane Home Collection | alicelanehome.com | adam.bennett | adam.bennett@alicelanehome.com
accounting@hofmann-services.com | Sonja Heinrich | I.K. Hofmann USA, Inc. | hofmann-services.com | sonja.heinrich | sonja.heinrich@hofmann-services.com
accounting@projectworldimpact.com | Chris Lesner | Project World Impact | projectworldimpact.com | chris.lesner | chris.lesner@projectworldimpact.com
accounting@avasure.com | Adam McMullin | AvaSure | avasure.com | adam.mcmullin | adam.mcmullin@avasure.com | 5801 Safety Drive, Belmont, MI 49306
accounting@alhcompany.com | Andrew L. Hult | Andrew L. Hult, CPA, P.L.L.C. | alhcompany.com | andrew.hult | andrew.hult@alhcompany.com | 14 Hilton Avenue, Hempstead, NY 11550
accounting@masygroup.com | Alex Anyse | The MASY Group, LLC | masygroup.com | alex.anyse | alex.anyse@masygroup.com
accounting@goldiegroup.com | Bruce Goldie | The Goldie Group | goldiegroup.com | bruce.goldie | bruce.goldie@goldiegroup.com | 492 Old Connecticut Path, Suite 301, Framingham, MA 01701
accounting@anjiusa.com | Lu Ma | Anji Logistics USA | anjiusa.com | lu.ma | lu.ma@anjiusa.com | 13301 Stephens, Warren, MI 48089
accounting@workjam.com | Steven Kramer | WorkJam | workjam.com | steven.kramer | steven.kramer@workjam.com | 740 Notre-Dame Street West, Suite 405, Montréal, QC H3C 3X6, Canada
accounting@jonahenergy.com | Brian Reger | Jonah Energy LLC | jonahenergy.com | brian.reger | brian.reger@jonahenergy.com | Headquarters: 370 17th Street, Suite 2900, Denver, CO 80202
accounting@mattacontracting.com | Rene Matta | Matta Contracting | mattacontracting.com | rene.matta | rene.matta@mattacontracting.com
accounting@senestech.com | Joel Fruendt | SenesTech Inc. | senestech.com | joel.fruendt | joel.fruendt@senestech.com | 13430 N. Dysart Rd, Ste 105, Surprise, AZ 85379
accounting@it21st.com | Ali Nader | IT21ST | it21st.com | ali.nader | ali.nader@it21st.com | 10880 Wilshire Blvd, Suite 1101, Los Angeles, CA 90024
accounting@m3as.com | JoAnn Kintzel | M3 | m3as.com | joann.kintzel | joann.kintzel@m3as.com | 1715 N Brown Rd, Bldg. A, Lawrenceville, GA 30043
accounting@earlenscorp.com | Bill Facteau | Earlens Corporation | earlenscorp.com | bill.facteau | bill.facteau@earlenscorp.com
accounting@cdl-electric.com | Larry Seward | CDL Electric Company, Inc. | cdl-electric.com | larry.seward | larry.seward@cdl-electric.com
accounting@digilock.com | Asil Gokcebay | Digilock | digilock.com | asil.gokcebay | asil.gokcebay@digilock.com | 9855 Distribution Avenue San Diego, CA 92121 USA
accounting@maksegroup.com | Kurt Makse | Makse Group | maksegroup.com | kurt.makse | kurt.makse@maksegroup.com | 550 Reserve Street, STE 190, Southlake, TX 76092
accounting@ablaviation.com | Ali Ben Lmadani | ABL Aviation | ablaviation.com | ali.lmadani | ali.lmadani@ablaviation.com
accounting@silvereaglemfg.com | Gary Gaussoin | Silver Eagle Manufacturing Company | silvereaglemfg.com | gary.gaussoin | gary.gaussoin@silvereaglemfg.com | 5825 NE Skyport Way, Portland, OR 97218
accounting@compliancemetrix.com | Mitch Porche | ComplianceMetrix, LLC | compliancemetrix.com | mitch.porche | mitch.porche@compliancemetrix.com
accounting@techsherpas.com | Randy Dempsey | TechSherpas | techsherpas.com | randy.dempsey | randy.dempsey@techsherpas.com | 10213 Wilsky Blvd, Tampa, FL 33625
accounting@coles.com.au | Leah Weckert | Coles Group | coles.com.au | leah.weckert | leah.weckert@coles.com.au
accounting@gobrightline.com | Patrick Goddard | Brightline Trains | gobrightline.com | patrick.goddard | patrick.goddard@gobrightline.com | 260 Quadrille Plaza Drive, West Palm Beach, FL 33401
accounting@melrosehoteldc.com | Theodore Leonsis | Monumental Sports & Entertainment | melrosehoteldc.com | theodore.leonsis | theodore.leonsis@melrosehoteldc.com
accounting@envoyglobal.com | Dick Burke | Envoy Global | envoyglobal.com | dick.burke | dick.burke@envoyglobal.com | 230 W. Monroe Street Suite 2700, Chicago, IL 60606
accounting@cpturkiye.com | Mahesh Bhanage | CP Türkiye | cpturkiye.com | mahesh.bhanage | mahesh.bhanage@cpturkiye.com
accounting@aambassador.com | Mike Hayek | A Ambassador Limousine & Transportation Services, Inc. | aambassador.com | mike.hayek | mike.hayek@aambassador.com | 6105 Beverly Hill Suite # 101, Houston, TX 77057
accounting@matchmg.com | Spencer Rascoff | Match Group | matchmg.com | spencer.rascoff | spencer.rascoff@matchmg.com
accounting@advancedstructuraldesign.com | Jamshid Hakimian | Advanced Structural Design Inc. | advancedstructuraldesign.com | jamshid.hakimian | jamshid.hakimian@advancedstructuraldesign.com
accounting@vrxglobal.com | Noelle Ibrahim | VRX, Inc. | vrxglobal.com | noelle.ibrahim | noelle.ibrahim@vrxglobal.com | 2500 N. Dallas Pkwy. Suite 450. Plano, TX 75093
accounting@hfzlaw.com | Mark Hanley | Hanley Flight & Zimmerman | hfzlaw.com | mark.hanley | mark.hanley@hfzlaw.com | 10 South Wacker Drive Suite 3500, Chicago, IL 60606
accounting@allsup.com | Jim Allsup | Allsup | allsup.com | jim.allsup | jim.allsup@allsup.com | 300 Allsup Place, Belleville, IL 62223
accounting@amtechconstruction.com | Ali Mousavi | AmTech Construction LLC | amtechconstruction.com | ali.mousavi | ali.mousavi@amtechconstruction.com | 1914 E US 70 HWY, Durham, NC 27703
accounting@besocialpr.com | Ali Grant | Be Social Group | besocialpr.com | ali.grant | ali.grant@besocialpr.com
accounting@besttank.com | Pete Best | BestTank Industries | besttank.com | pete.best | pete.best@besttank.com | 6010 Drott Drive, East Syracuse, NY 13057
accounting@akerbiomarine.com | Matts Johansen | Aker BioMarine ASA | akerbiomarine.com | matts.johansen | matts.johansen@akerbiomarine.com | Oksenøyveien 10, P.O. Box 496, NO-1327, Lysaker, Norway.
accounting@bmielite.com | Brandon M Rosen | BMI Ventures, Inc. | bmielite.com | brandon.rosen | brandon.rosen@bmielite.com
accounting@saltbox.com | Tyler Scriven | Saltbox | saltbox.com | tyler.scriven | tyler.scriven@saltbox.com | 169 Madison Ave 2041, New York, NY 10016
accounting@technuf.com | Shah Ahmed | Technuf | technuf.com | shah.ahmed | shah.ahmed@technuf.com | 6290 Montrose Rd, Rockville, MD 20852
accounting@cmh-inc.com | Erik Thorsen | Carolina Material Handling, Inc. | cmh-inc.com | erik.thorsen | erik.thorsen@cmh-inc.com | 2209 Patterson Court, Greensboro, NC 27407
accounting@bloodydecks.com | Ali Hussainy | BD Outdoors | bloodydecks.com | ali.hussainy | ali.hussainy@bloodydecks.com
accounting@automanager.com | Jake Morley | AutoManager Holdings | automanager.com | jake.morley | jake.morley@automanager.com
accounting@aplena.com | Norm Shockley | Aplena, Inc. | aplena.com | norm.shockley | norm.shockley@aplena.com | 1500 E. Hamilton Ave. Suite 213, Campbell, CA 95008
accounting@bando.com | Jen Gotch | ban.do | bando.com | jen.gotch | jen.gotch@bando.com
accounting@dskarch.com | Amir Kakavand | dsk architects | dskarch.com | amir.kakavand | amir.kakavand@dskarch.com | 8151 Village Parkway, Dublin, CA 94568
accounting@factorypr.com | Mark Silver | Factory PR | factorypr.com | mark.silver | mark.silver@factorypr.com | 8201 Beverly Blvd, Ste 302, Los Angeles, CA 90048
accounting@fileonq.com | Chris Michotte | Fileonq, Inc. | fileonq.com | chris.michotte | chris.michotte@fileonq.com | 832 Industry Dr. Seattle, WA 98188
accounting@firstsanfranciscopartners.com | Kelle O'Neal | First San Francisco Partners | firstsanfranciscopartners.com | kelle.o'neal | kelle.o'neal@firstsanfranciscopartners.com | 4200 Park Blvd., #276 Oakland, CA 94602
accounting@chdmedia.com | Ali Grosslight | CHD Media, Inc. | chdmedia.com | ali.grosslight | ali.grosslight@chdmedia.com
accounting@amandanisbetdesign.com | Amanda Nisbet | Amanda Nisbet Design | amandanisbetdesign.com | amanda.nisbet | amanda.nisbet@amandanisbetdesign.com
accounting@fortyau.com | Andrew Kerr | FortyAU | fortyau.com | andrew.kerr | andrew.kerr@fortyau.com | 4101 Charlotte Ave Building E, Suite 150. Nashville, TN 37209
accounting@cellucomgroup.com | Mike Abulaban | Cellucom Group | cellucomgroup.com | mike.abulaban | mike.abulaban@cellucomgroup.com
accounting@dfpromotions.com | Doug Fregolle | Doug Fregolle Promotions | dfpromotions.com | doug.fregolle | doug.fregolle@dfpromotions.com
accounting@dariasons.com | Hamid Moinamin | Dariasons | dariasons.com | hamid.moinamin | hamid.moinamin@dariasons.com
accounting@grafresearch.com | Jonathan Graf | Graf Research | grafresearch.com | jonathan.graf | jonathan.graf@grafresearch.com | 712 N Main St, STE 301, Blacksburg, VA 24060-3574
accounting@chloesfruit.com | Michael Sloan | Chloe's Fruit | chloesfruit.com | michael.sloan | michael.sloan@chloesfruit.com
accounting@jamco1.com | Jim McInnes | Jamco Inc | jamco1.com | jim.mcinnes | jim.mcinnes@jamco1.com
accounting@dreamstarbedding.com | Ali Yalbirdak | Dreamstar Bedding Ltd | dreamstarbedding.com | ali.yalbirdak | ali.yalbirdak@dreamstarbedding.com | 301 Flint Rd. North York, Ontario. Canada. M3J 2J2.
accounting@k-ksystems.com | Tim Keith | K&K SYSTEMS, inc. | k-ksystems.com | tim.keith | tim.keith@k-ksystems.com | 687 Palmetto Road, Tupelo, MS 38801
accounting@kassatex.com | Ernesto Khoudari | Kassatex Inc. | kassatex.com | ernesto.khoudari | ernesto.khoudari@kassatex.com | 330 Fifth Avenue, New York, NY 10001
accounting@lemanskarting.com | Rick Gaan | LeMans Karting | lemanskarting.com | rick.gaan | rick.gaan@lemanskarting.com
accounting@cohendevelopment.com | Leslie Cohen | Cohen Development Company | cohendevelopment.com | leslie.cohen | leslie.cohen@cohendevelopment.com | 336 SW Adams St, New York, NY 10001
accounting@lozaip.com | Tina Loza | Loza & Loza LLP | lozaip.com | tina.loza | tina.loza@lozaip.com | 305 N. Second Avenue, #127, Upland, CA 91786, U.S.A.
accounting@madewithgrit.com | Sean Topping | Grit Advertising and Design | madewithgrit.com | sean.topping | sean.topping@madewithgrit.com
accounting@flyadvanced.com | Regis Antonin de Ramel | flyADVANCED Aviation Group | flyadvanced.com | regis.ramel | regis.ramel@flyadvanced.com | 131 N. Dupont Highway, New Castle, DE 19720
accounting@focus-microwaves.com | Iason Tsironis | Focus Microwaves | focus-microwaves.com | iason.tsironis | iason.tsironis@focus-microwaves.com | 4555 Chemin du Bois-Franc, Saint-Laurent, QC, H4S 1A8, Canada
accounting@peltonshepherd.com | Tim Shepherd | Pelton Shepherd Industries | peltonshepherd.com | tim.shepherd | tim.shepherd@peltonshepherd.com | 3120 W. March Lane Stockton, CA 95219
accounting@gethorseinsurance.com | Marvin Tavarez | Plains Horizon Insurance | gethorseinsurance.com | marvin.tavarez | marvin.tavarez@gethorseinsurance.com | 1240 W. Oaklawn Rd. Suite 101, PMB 306, Pleasanton, TX 78064
accounting@purplesquirreladvisors.com | Carrie Schochet | Purple Squirrel Advisors | purplesquirreladvisors.com | carrie.schochet | carrie.schochet@purplesquirreladvisors.com | 560 Kirts Boulevard Suite 121, Troy, Michigan 48084
accounting@realthread.com | Dru Dalton | Real Thread | realthread.com | dru.dalton | dru.dalton@realthread.com
accounting@revolvemail.com | Michael Mente | Revolve | revolvemail.com | michael.mente | michael.mente@revolvemail.com
accounting@jeffshore.com | Jeff Shore | Shore Consulting, Inc. | jeffshore.com | jeff.shore | jeff.shore@jeffshore.com | 2280 Grassvalley Highway #331, Auburn, CA 95603
accounting@lewiscommunications.com | Ellen Praytor Faulkner | Lewis | lewiscommunications.com | ellen.faulkner | ellen.faulkner@lewiscommunications.com
accounting@soilmoisture.com | Scott South | Soilmoisture Equipment Corp. | soilmoisture.com | scott.south | scott.south@soilmoisture.com | 601 Pine Ave., Suite A, Goleta, CA 93117, USA
accounting@streamlineusa.com | Eric Ortense | Streamline USA LLC | streamlineusa.com | eric.ortense | eric.ortense@streamlineusa.com | 336 West 37th Street, Suite 1520, New York, NY 10018
accounting@teamerc.com | Brian Pyle | Exceptional Restaurant Company | teamerc.com | brian.pyle | brian.pyle@teamerc.com
accounting@goodtimedesignsd.com | Ty Hauter | Good Time Design | goodtimedesignsd.com | ty.hauter | ty.hauter@goodtimedesignsd.com | 715 J Street Ste 206, San Diego, CA 92101
accounting@trendybutler.com | Ali Najafian | Trendy Butler | trendybutler.com | ali.najafian | ali.najafian@trendybutler.com
accounting@pcparlor.com | Tony Musorafite | PC Parlor, Inc | pcparlor.com | tony.musorafite | tony.musorafite@pcparlor.com
accounting@voellerconstruction.com | William J Voeller | Voeller Construction | voellerconstruction.com | william.voeller | william.voeller@voellerconstruction.com
accounting@vship2000.com | Malvarosa Lorenzo | VShip Co. | vship2000.com | malvarosa.lorenzo | malvarosa.lorenzo@vship2000.com | VShip Corp, 36-36 33rd Street, Ste 405, Long Island City, NY 11106
accounting@pattondavison.com | Alexander K. Davison | Patton & Davison LLC | pattondavison.com | alexander.davison | alexander.davison@pattondavison.com | 1920 Thomes Ave Ste. 600, Cheyenne, WY 82001
accounting@wkpointe.com | Michael Arnold | Workpointe | wkpointe.com | michael.arnold | michael.arnold@wkpointe.com | 9877 40th Ave S, Seattle, WA 98118
accounting@zuumapp.com | Mustafa Azizi | Zuum App | zuumapp.com | mustafa.azizi | mustafa.azizi@zuumapp.com | 123 Main Street, New York, NY 10001
accounting@anchortechnology.com | David Magovern | Anchor Technology and Consultants | anchortechnology.com | david.magovern | david.magovern@anchortechnology.com
accounting@vhcars.com | Chuck Van Horn | Van Horn Automotive Group | vhcars.com | chuck.horn | chuck.horn@vhcars.com
accounting@ovationincentives.com | Jonathan Grey | Ovation Incentives | ovationincentives.com | jonathan.grey | jonathan.grey@ovationincentives.com | Dunston Innovation Centre, Dunston Road, Chesterfield, Derbyshire, S41 8NG, UK.
accounting@belleevents.com | Rebecca Martens | Belle Events, LLC | belleevents.com | rebecca.martens | rebecca.martens@belleevents.com
accounting@simplestrat.com | Ali Schwanke | Simple Strat | simplestrat.com | ali.schwanke | ali.schwanke@simplestrat.com
accounting@pccwireless.com | Andy Sinha | PCC Wireless Inc | pccwireless.com | andy.sinha | andy.sinha@pccwireless.com | 595 S Broadway, 2nd Floor, Suite # 202, Hicksville, NY 11801
accounting@schlamstone.com | Jeffrey M. Eilender | Schlam Stone & Dolan LLP | schlamstone.com | jeffrey.eilender | jeffrey.eilender@schlamstone.com | 26 Broadway, New York, NY 10004
accounting@carbissolutions.com | Shawn Mizell | Sam Carbis Solutions Group | carbissolutions.com | shawn.mizell | shawn.mizell@carbissolutions.com | 1430 West Darlington Street, Florence, SC 29501
accounting@tukurutechnologies.com | Jacob Tukuru | Tukuru Technologies | tukurutechnologies.com | jacob.tukuru | jacob.tukuru@tukurutechnologies.com
accounting@psgcal.com | Ken Lochiatto | PSG, a Dover company | psgcal.com | ken.lochiatto | ken.lochiatto@psgcal.com
accounting@terrisandy.com | Sandy Greenberg | Terri & Sandy | terrisandy.com | sandy.greenberg | sandy.greenberg@terrisandy.com
accounting@msp-pgh.com | Richard E. Busheé | MSP (Mailing Services of Pittsburgh) | msp-pgh.com | richard.busheé | richard.busheé@msp-pgh.com
accounting@uapac.com | Paul Lin | United Pacific Industries, Inc. | uapac.com | paul.lin | paul.lin@uapac.com
accounting@alexandrianicolecellars.com | Jarrod L. Boyle | Alexandria Nicole Cellars | alexandrianicolecellars.com | jarrod.boyle | jarrod.boyle@alexandrianicolecellars.com | 158422 Sonova Road, Prosser, WA 99350
accounting@disco
ibrahim@alhosnigroup.com | Damian Puss | KatoshKa LLC INC | completepkg.com | gregg.reau | gregg.reau@completepkg.co | 200 Forest Drive, Bldg 8. Greenvale, NY 11548